{
    "__comment": "Made with TheDestruc7i0n's advancements generator: https://advancements.thedestruc7i0n.ca",
    "parent": "companions:beginning",
    "display": {
        "title": {
            "text": "Introductions"
        },
        "description": {
            "text": "Give your companion a book to get to know them better"
        },
        "icon": {
            "item": "minecraft:book"
        },
        "frame": "task",
        "show_toast": true,
        "announce_to_chat": true,
        "hidden": false
    },
    "criteria": {
        "c1": {
            "trigger": "minecraft:impossible"
        }
    }
}