{
    "__comment": "Made with TheDestruc7i0n's advancements generator: https://advancements.thedestruc7i0n.ca",
    "parent": "companions:introductions",
    "display": {
        "title": {
            "text": "What could it be?"
        },
        "description": {
            "text": "Receive a gift from your companion"
        },
        "icon": {
            "item": "minecraft:heart_of_the_sea"
        },
        "frame": "task",
        "show_toast": true,
        "announce_to_chat": true,
        "hidden": false
    },
    "criteria": {
        "cmp": {
            "trigger": "impossible"
        }
    }
}