{
    "__comment": "Made with TheDestruc7i0n's advancements generator: https://advancements.thedestruc7i0n.ca",
    "parent": "companions:companionship",
    "display": {
        "title": {
            "text": "Soulbound"
        },
        "description": {
            "text": "Reach max friendship level with your companion"
        },
        "icon": {
            "item": "minecraft:totem_of_undying"
        },
        "frame": "challenge",
        "show_toast": true,
        "announce_to_chat": true,
        "hidden": false
    },
    "criteria": {
        "c1": {
            "trigger": "minecraft:impossible"
        }
    }
}