{
    "__comment": "Made with TheDestruc7i0n's advancements generator: https://advancements.thedestruc7i0n.ca",
    "parent": "companions:receive_gift",
    "display": {
        "title": {
            "text": "A Gift From Above"
        },
        "description": {
            "text": "Receive a gift from your companion in the end dimension"
        },
        "icon": {
            "item": "minecraft:chorus_fruit"
        },
        "frame": "task",
        "show_toast": true,
        "announce_to_chat": true,
        "hidden": false
    },
    "criteria": {
        "cmp": {
            "trigger": "minecraft:impossible"
        }
    }
}