{
    "__comment": "Made with TheDestruc7i0n's advancements generator: https://advancements.thedestruc7i0n.ca",
    "parent": "companions:introductions",
    "display": {
        "title": {
            "text": "Warrior"
        },
        "description": {
            "text": "Slay an enemy with the help of your companion"
        },
        "icon": {
            "item": "minecraft:stone_axe"
        },
        "frame": "task",
        "show_toast": true,
        "announce_to_chat": true,
        "hidden": false
    },
    "criteria": {
        "cmp": {
            "trigger": "minecraft:impossible"
        }
    }
}