{
  "type": "minecraft:command",
  "pools": [
    {
      "rolls": 1,
      "entries": [
        {
          "type": "minecraft:item",
          "weight": 100,
          "name": "minecraft:ender_pearl"
        },
        {
          "type": "minecraft:item",
          "weight": 90,
          "name": "minecraft:golden_apple"
        },
        {
          "type": "minecraft:item",
          "weight": 45,
          "name": "minecraft:netherite_scrap"
        },
        {
          "type": "minecraft:item",
          "weight": 30,
          "name": "minecraft:blaze_rod"
        },
        {
          "type": "minecraft:item",
          "weight": 30,
          "name": "minecraft:ghast_tear"
        },
        {
          "type": "minecraft:item",
          "weight": 40,
          "name": "minecraft:enchanted_golden_apple",
          "conditions": [
            {
              "condition": "minecraft:entity_scores",
              "entity": "this",
              "scores": {
                "cmp.friendship": {
                  "min": 6
                }
              }
            }
          ]
        },
        {
          "type": "minecraft:item",
          "weight": 30,
          "name": "minecraft:wither_skeleton_skull",
          "conditions": [
            {
              "condition": "minecraft:entity_scores",
              "entity": "this",
              "scores": {
                "cmp.friendship": {
                  "min": 2
                }
              }
            }
          ]
        },
        {
          "type": "minecraft:item",
          "weight": 20,
          "name": "minecraft:nether_star",
          "conditions": [
            {
              "condition": "minecraft:entity_scores",
              "entity": "this",
              "scores": {
                "cmp.friendship": {
                  "min": 9
                }
              }
            }
          ]
        }
      ],
      "conditions": [
        {
          "condition": "minecraft:location_check",
          "predicate": {
            "dimension": "minecraft:the_nether"
          }
        }
      ]
    }
  ]
}
