{
  "type": "minecraft:command",
  "pools": [
    {
      "rolls": 1,
      "entries": [
        {
          "type": "minecraft:item",
          "weight": 100,
          "name": "minecraft:diamond"
        },
        {
          "type": "minecraft:item",
          "weight": 80,
          "name": "minecraft:golden_apple"
        },
        {
          "type": "minecraft:item",
          "weight": 20,
          "name": "minecraft:enchanted_golden_apple",
          "conditions": [
            {
              "condition": "minecraft:entity_scores",
              "entity": "this",
              "scores": {
                "cmp.friendship": {
                  "min": 5
                }
              }
            }
          ]
        },
        {
          "type": "minecraft:item",
          "weight": 30,
          "name": "minecraft:totem_of_undying",
          "conditions": [
            {
              "condition": "minecraft:entity_scores",
              "entity": "this",
              "scores": {
                "cmp.friendship": {
                  "min": 3
                }
              }
            }
          ]
        },
        {
          "type": "minecraft:item",
          "weight": 10,
          "name": "minecraft:nether_star",
          "conditions": [
            {
              "condition": "minecraft:entity_scores",
              "entity": "this",
              "scores": {
                "cmp.friendship": {
                  "min": 8
                }
              }
            }
          ]
        },
        {
          "type": "minecraft:item",
          "weight": 60,
          "name": "minecraft:ender_pearl"
        }
      ],
      "conditions": [
        {
          "condition": "minecraft:location_check",
          "predicate": {
            "dimension": "minecraft:overworld"
          }
        }
      ]
    }
  ]
}
