{
  "type": "minecraft:command",
  "pools": [
    {
      "rolls": 1,
      "entries": [
        {
          "type": "minecraft:item",
          "weight": 100,
          "name": "minecraft:diamond"
        },
        {
          "type": "minecraft:item",
          "weight": 70,
          "name": "minecraft:ender_pearl"
        },
        {
          "type": "minecraft:item",
          "weight": 40,
          "name": "minecraft:chorus_flower"
        },
        {
          "type": "minecraft:item",
          "weight": 25,
          "name": "minecraft:shulker_shell",
          "conditions": [
            {
              "condition": "minecraft:entity_scores",
              "entity": "this",
              "scores": {
                "cmp.friendship": {
                  "min": 4
                }
              }
            }
          ]
        },
        {
          "type": "minecraft:item",
          "weight": 5,
          "name": "minecraft:dragon_head",
          "functions": [
            {
              "function": "minecraft:set_nbt",
              "tag": "{id:000019}"
            }
          ],
          "conditions": [
            {
              "condition": "minecraft:entity_scores",
              "entity": "this",
              "scores": {
                "cmp.friendship": {
                  "min": 6
                }
              }
            }
          ]
        },
        {
          "type": "minecraft:item",
          "weight": 10,
          "name": "minecraft:elytra",
          "conditions": [
            {
              "condition": "minecraft:entity_scores",
              "entity": "this",
              "scores": {
                "cmp.friendship": {
                  "min": 10
                }
              }
            }
          ]
        }
      ],
      "conditions": [
        {
          "condition": "minecraft:location_check",
          "predicate": {
            "dimension": "minecraft:the_end"
          }
        }
      ]
    }
  ]
}
